FAMILY,FISH_CODE,GENUS,SPECIES,Dashboard_trophic,Dashboard_harvested,Dashboard_large,Dashboard_trout,Dashboard_herbivores,Orig LTMP,Dashboard species list
Acanthuridae,ACA.ALBI,Acanthurus,albipectoralis,Planktivores,no,yes,no,yes,yes,restricted
Acanthuridae,ACA.AURA,Acanthurus,auranticavus,Detritivores,no,yes,no,yes,yes,restricted
Acanthuridae,ACA.BARI,Acanthurus,bariene,Detritivores,no,yes,no,yes,yes,restricted
Acanthuridae,ACA.BLOC,Acanthurus,blochii,Detritivores,no,yes,no,yes,yes,restricted
Acanthuridae,ACA.DUSS,Acanthurus,dussumieri,Detritivores,no,yes,no,yes,yes,restricted
Acanthuridae,ACA.FOWL,Acanthurus,fowleri,Detritivores,no,yes,no,yes,yes,restricted
Acanthuridae,ACA.GRAM,Acanthurus,grammoptilus,Detritivores,no,yes,no,yes,yes,restricted
Acanthuridae,ACA.LEUC,Acanthurus,leucocheilus,Croppers,no,yes,no,yes,yes,restricted
Acanthuridae,ACA.LINE,Acanthurus,lineatus,Croppers,no,yes,no,yes,yes,restricted
Acanthuridae,ACA.MACU,Acanthurus,maculiceps,Croppers,no,yes,no,yes,yes,restricted
Acanthuridae,ACA.MATA,Acanthurus,mata,Planktivores,no,yes,no,no,yes,restricted
Acanthuridae,ACA.NANS,Acanthurus,nigricans,Croppers,no,yes,no,yes,yes,restricted
Acanthuridae,ACA.NCUS,Acanthurus,nigrofuscus,Croppers,no,yes,no,yes,yes,restricted
Acanthuridae,ACA.NRIS,Acanthurus,nigroris,Croppers,no,yes,no,yes,yes,restricted
Acanthuridae,ACA.NUDA,Acanthurus,nigricauda,Detritivores,no,yes,no,yes,yes,restricted
Acanthuridae,ACA.OLIV,Acanthurus,olivaceus,Detritivores,no,yes,no,yes,yes,restricted
Acanthuridae,ACA.PYRO,Acanthurus,pyroferus,Croppers,no,yes,no,yes,yes,restricted
Acanthuridae,ACA.THOM,Acanthurus,thompsoni,Planktivores,no,yes,no,no,yes,restricted
Acanthuridae,ACA.TRIO,Acanthurus,triostegus,Omnivore,no,yes,no,yes,yes,restricted
Acanthuridae,ACA.XANT,Acanthurus,xanthopterus,Omnivore,no,yes,no,yes,yes,restricted
Acanthuridae,CTE.BINO,Ctenochaetus,binotatus,Detritivores,no,yes,no,yes,no,restricted
Acanthuridae,CTE.CYAN,Ctenochaetus,strigosus,Detritivores,no,yes,no,yes,no,restricted
Acanthuridae,CTE.GROP,Ctenochaetus,spp,Detritivores,no,yes,no,yes,yes,restricted
Acanthuridae,CTE.STRI,Ctenochaetus,striatus,Detritivores,no,yes,no,yes,no,restricted
Acanthuridae,NAS.ANNU,Naso,annulatus,Planktivores,no,yes,no,yes,no,expanded
Acanthuridae,NAS.BRAC,Naso,brachycentron,Browsers,no,yes,no,yes,no,expanded
Acanthuridae,NAS.BREV,Naso,brevirostris,Planktivores,no,yes,no,yes,no,expanded
Acanthuridae,NAS.CAER,Naso,caeruleacauda,Planktivores,no,yes,no,no,no,expanded
Acanthuridae,NAS.CAES,Naso,caesius,Planktivores,no,yes,no,no,no,expanded
Acanthuridae,NAS.HEXA,Naso,hexacanthus,Planktivores,no,yes,no,no,no,expanded
Acanthuridae,NAS.LITU,Naso,lituratus,Browsers,no,yes,no,yes,yes,restricted
Acanthuridae,NAS.THOR,Naso,thorpei,Planktivores,no,yes,no,,no,expanded
Acanthuridae,NAS.TONG,Naso,tonganus,Browsers,no,yes,no,yes,yes,restricted
Acanthuridae,NAS.UNIC,Naso,unicornis,Browsers,no,yes,no,yes,yes,restricted
Acanthuridae,NAS.VLAM,Naso,vlamingii,Planktivores,no,yes,no,no,no,expanded
Acanthuridae,PCT.HEPA,Paracanthurus,hepatus,Planktivores,no,yes,no,no,yes,restricted
Acanthuridae,PRO.MACU,Prionurus,maculatus,Browsers,no,yes,no,yes,no,expanded
Acanthuridae,PRO.MICR,Prionurus,microlepidotus,Browsers,no,yes,no,yes,no,expanded
Acanthuridae,ZEB.SCOP,Zebrasoma,scopas,Croppers,no,yes,no,yes,yes,restricted
Acanthuridae,ZEB.VELI,Zebrasoma,veliferum,Browsers,no,yes,no,yes,yes,restricted
Apogonidae,ARC.FUCA,Archamia,fucata,Planktivores,no,yes,no,no,no,expanded
Aulostomidae,AUL.CHIN,Aulostomus,chinensis,Carnivore,no,yes,no,no,no,expanded
Balistidae,ABA.STEL,Abalistes,stellatus,Carnivore,no,yes,no,no,no,expanded
Balistidae,BAL.UNDU,Balistapus,undulatus,Omnivore,no,yes,no,no,no,expanded
Balistidae,BAL.VIRI,Balistoides,viridescens,Carnivore,no,yes,no,no,no,expanded
Balistidae,BALI.CONS,Balistoides,conspicillum,Carnivore,no,yes,no,no,no,expanded
Balistidae,MEL.NIGE,Melichthys,niger,Omnivore,no,yes,no,no,no,expanded
Balistidae,MEL.VIDU,Melichthys,vidua,Omnivore,no,yes,no,no,no,expanded
Balistidae,ODO.NIGE,Odonus,niger,Omnivore,no,yes,no,no,no,expanded
Balistidae,PSB.FUSC,Pseudobalistes,fuscus,Carnivore,no,yes,no,no,no,expanded
Balistidae,PSE.FLAV,Pseudobalistes,flavimarginatus,Carnivore,no,yes,no,no,no,expanded
Balistidae,RHE.ACUL,Rhinecanthus,aculeatus,Omnivore,no,yes,no,no,no,expanded
Balistidae,RHIN.RECT,Rhinecanthus,rectangulus,Omnivore,no,yes,no,no,no,expanded
Balistidae,SUF.BURS,Sufflamen,bursa,Omnivore,no,yes,no,no,no,expanded
Balistidae,SUF.CHRY,Sufflamen,chrysopterus,Carnivore,no,yes,no,no,no,expanded
Balistidae,SUF.FRAE,Sufflamen,fraenatum,Omnivore,no,yes,no,no,no,expanded
Balistidae,SUF.FREN,Sufflamen,fraenatus,Carnivore,no,yes,no,no,no,expanded
Belonidae,TYL.CROC,Tylosurus,crocodilus crocodilus,Carnivore,no,yes,no,no,no,expanded
Caesionidae,CAE.CAER,Caesio,caerulaurea,Planktivores,no,yes,no,no,no,expanded
Caesionidae,CAE.CUNI,Caesio,cuning,Planktivores,no,yes,no,no,no,expanded
Caesionidae,CAE.LUNA,Caesio,lunaris,Planktivores,no,yes,no,no,no,expanded
Caesionidae,CAE.TERE,Caesio,teres,Planktivores,no,yes,no,no,no,expanded
Caesionidae,CAE.XANT,Caesio,xanthonota,Planktivores,no,yes,no,no,no,expanded
Caesionidae,PTE.CHRY,Pterocaesio,chrysozona,Planktivores,no,yes,no,no,no,expanded
Caesionidae,PTE.DIAG,Pterocaesio,digramma,Planktivores,no,yes,no,no,no,expanded
Caesionidae,PTE.MARR,Pterocaesio,marri,Planktivores,no,yes,no,no,no,expanded
Caesionidae,PTE.PISA,Pterocaesio,pisang,Planktivores,no,yes,no,no,no,expanded
Caesionidae,PTE.TILE,Pterocaesio,tile,Planktivores,no,yes,no,no,no,expanded
Caesionidae,PTE.TRIL,Pterocaesio,trilineata,Planktivores,no,yes,no,no,no,expanded
Carangidae,ALE.VARI,Alepes,vari,Carnivore,no,yes,no,no,no,expanded
Carangidae,ATU.MATE,Atule,mate,Carnivore,no,yes,no,no,no,expanded
Carangidae,CAR.FERD,Carangoides,ferdau,Carnivore,yes,yes,no,no,no,expanded
Carangidae,CAR.FULV,Carangoides,fulvoguttatus,Carnivore,yes,yes,no,no,no,expanded
Carangidae,CAR.GYMN,Carangoides,gymnostethus,Carnivore,yes,yes,no,no,no,expanded
Carangidae,CAR.ORTH,Carangoides,orthogrammus,Carnivore,yes,yes,no,no,no,expanded
Carangidae,CAR.PLA,Carangoides,plagiotaenia,Carnivore,yes,yes,no,no,no,expanded
Carangidae,CAX.IGNO,Caranx,ignobilis,Carnivore,yes,yes,no,no,no,expanded
Carangidae,CAX.MELA,Caranx,melampygus,Carnivore,yes,yes,no,no,no,expanded
Carangidae,CAX.PAP,Caranx,papuensis,Carnivore,yes,yes,no,no,no,expanded
Carangidae,CAX.SEXF,Caranx,sexfasciatus,Carnivore,yes,yes,no,no,no,expanded
Carangidae,ELA.BIPI,Elagatis,bipinnulata,Carnivore,yes,yes,no,no,no,expanded
Carangidae,GNH.SPEC,Gnathanodon,speciosus,Carnivore,yes,yes,no,no,no,expanded
Carangidae,SCB.COMM,Scomberoides,commersonnianus,Carnivore,yes,yes,no,no,no,expanded
Carangidae,SCB.LYSA,Scomberoides,lysan,Carnivore,yes,yes,no,no,no,expanded
Carangidae,TRA.BLOC,Trachinotus,blochii,Carnivore,yes,yes,no,no,no,expanded
Carangidae,TUR.GYMN,Turrum,gymnostethus,Carnivore,yes,yes,no,no,no,expanded
Carangidae,ULU.MENT,Ulua,mentalis,Carnivore,yes,yes,no,no,no,expanded
Carangidae,URA.HELV,Uraspis,helvola,Carnivore,yes,yes,no,no,no,expanded
Carcharhinidae,TRI.OBES,Triaenodon,obesus,Carnivore,no,yes,no,no,no,expanded
Centropomidae,PSA.WAI,Psammoperca,waigiensis,Carnivore,yes,yes,no,no,no,expanded
Centropomidae,PSAM.WAIG,Psammoperca,waigiensis,Carnivore,yes,yes,no,no,no,expanded
Centropomidae,PSA.DATN,Psammoperca,datnioides,Carnivore,yes,yes,no,no,no,expanded
Chaetodontidae,CHA.ADIE,Chaetodon,adiergastos,Carnivore,no,yes,no,no,no,expanded
Chaetodontidae,CHA.AFAS,Chaetodon,aureofasciatus,Corallivore,no,yes,no,no,yes,restricted
Chaetodontidae,CHA.AURI,Chaetodon,auriga,Carnivore,no,yes,no,no,yes,restricted
Chaetodontidae,CHA.BARO,Chaetodon,baronessa,Corallivore,no,yes,no,no,yes,restricted
Chaetodontidae,CHA.BENN,Chaetodon,bennetti,Corallivore,no,yes,no,no,yes,restricted
Chaetodontidae,CHA.CITR,Chaetodon,citrinellus,Corallivore,no,yes,no,no,yes,restricted
Chaetodontidae,CHA.EPHI,Chaetodon,ephippium,Carnivore,no,yes,no,no,yes,restricted
Chaetodontidae,CHA.FLAV,Chaetodon,flavirostris,Carnivore,no,yes,no,no,yes,restricted
Chaetodontidae,CHA.GUEN,Chaetodon,guentheri,Carnivore,no,yes,no,no,yes,restricted
Chaetodontidae,CHA.KLEI,Chaetodon,kleinii,Carnivore,no,yes,no,no,yes,restricted
Chaetodontidae,CHA.LINE,Chaetodon,lineolatus,Carnivore,no,yes,no,no,yes,restricted
Chaetodontidae,CHA.LUNS,Chaetodon,lunulatus,Corallivore,no,yes,no,no,yes,restricted
Chaetodontidae,CHA.LUNU,Chaetodon,lunula,Carnivore,no,yes,no,no,yes,restricted
Chaetodontidae,CHA.MELO,Chaetodon,melannotus,Corallivore,no,yes,no,no,yes,restricted
Chaetodontidae,CHA.MERT,Chaetodon,mertensii,Corallivore,no,yes,no,no,yes,restricted
Chaetodontidae,CHA.MEYE,Chaetodon,meyeri,Corallivore,no,yes,no,no,yes,restricted
Chaetodontidae,CHA.OCEL,Chaetodon,ocellicaudus,Corallivore,no,yes,no,no,yes,restricted
Chaetodontidae,CHA.OCTO,Chaetodon,octofasciatus,Corallivore,no,yes,no,no,no,expanded
Chaetodontidae,CHA.ORNA,Chaetodon,ornatissimus,Corallivore,no,yes,no,no,yes,restricted
Chaetodontidae,CHA.OXYC,Chaetodon,oxycephalus,Carnivore,no,yes,no,no,yes,restricted
Chaetodontidae,CHA.PELW,Chaetodon,pelewensis,Corallivore,no,yes,no,no,yes,restricted
Chaetodontidae,CHA.PLEB,Chaetodon,plebeius,Corallivore,no,yes,no,no,yes,restricted
Chaetodontidae,CHA.PUNC,Chaetodon,punctatofasciatus,Corallivore,no,yes,no,no,yes,restricted
Chaetodontidae,CHA.RAFF,Chaetodon,rafflesii,Corallivore,no,yes,no,no,yes,restricted
Chaetodontidae,CHA.RAIN,Chaetodon,rainfordi,Carnivore,no,yes,no,no,yes,restricted
Chaetodontidae,CHA.RETI,Chaetodon,reticulatus,Corallivore,no,yes,no,no,yes,restricted
Chaetodontidae,CHA.SEME,Chaetodon,semeion,Carnivore,no,yes,no,no,yes,restricted
Chaetodontidae,CHA.SPEC,Chaetodon,speculum,Corallivore,no,yes,no,no,yes,restricted
Chaetodontidae,CHA.TLIS,Chaetodon,trifascialis,Corallivore,no,yes,no,no,yes,restricted
Chaetodontidae,CHA.ULIE,Chaetodon,ulietensis,Carnivore,no,yes,no,no,yes,restricted
Chaetodontidae,CHA.UNIM,Chaetodon,unimaculatus,Corallivore,no,yes,no,no,yes,restricted
Chaetodontidae,CHA.VAGA,Chaetodon,vagabundus,Carnivore,no,yes,no,no,yes,restricted
Chaetodontidae,CHM.MARG,Chelmon,marginalis,Carnivore,no,yes,no,no,yes,restricted
Chaetodontidae,CHM.ROST,Chelmon,rostratus,Carnivore,no,yes,no,no,yes,restricted
Chaetodontidae,CON.ALTI,Coradion,altivelis,Carnivore,no,yes,no,no,no,expanded
Chaetodontidae,CON.CHRY,Coradion,chrysozonus,Carnivore,no,yes,no,no,no,expanded
Chaetodontidae,FOR.FLAV,Forcipiger,flavissimus,Carnivore,no,yes,no,no,yes,restricted
Chaetodontidae,FOR.LONG,Forcipiger,longirostris,Carnivore,no,yes,no,no,yes,restricted
Chaetodontidae,HYS.POLY,Hemitaurichthys,polylepis,Planktivores,no,yes,no,no,no,expanded
Chaetodontidae,HEN.ACUM,Heniochus,acuminatus,Planktivores,no,yes,no,no,no,expanded
Chaetodontidae,HEN.CHRY,Heniochus,chrysostomus,Corallivore,no,yes,no,no,no,expanded
Chaetodontidae,HEN.DIPH,Heniochus,diphreutes,Planktivores,no,yes,no,no,no,expanded
Chaetodontidae,HEN.MONO,Heniochus,monoceros,Carnivore,no,yes,no,no,no,expanded
Chaetodontidae,HEN.SING,Heniochus,singularius,Carnivore,no,yes,no,no,no,expanded
Chaetodontidae,HEN.VARI,Heniochus,varius,Carnivore,no,yes,no,no,no,expanded
Chaetodontidae,PAR.OCEL,Parachaetodon,ocellatus,Carnivore,no,yes,no,no,no,expanded
Chanidae,CHN.CHN,Chanos,chanos,Planktivores,no,yes,no,no,no,expanded
Cirrhitidae,CIR.APRI,Cirrhitichthys,aprinus,Carnivore,no,yes,no,no,no,expanded
Cirrhitidae,CIR.FALC,Cirrhitichthys,falco,Carnivore,no,yes,no,no,no,expanded
Cirrhitidae,CIR.OXYC,Cirrhitichthys,oxycephalus,Carnivore,no,yes,no,no,no,expanded
Cirrhitidae,PAR.ARCA,Paracirrhites,arcatus,Carnivore,no,yes,no,no,no,expanded
Cirrhitidae,PAR.FORS,Paracirrhites,forsteri,Carnivore,no,yes,no,no,no,expanded
Diodontidae,DIO.LITU,Diodon,liturosus,Carnivore,no,yes,no,no,no,expanded
Diodontidae,DIO.HYST,Diodon,hystrix,Carnivore,no,yes,no,no,no,expanded
Echeneidae,ECH.NAUC,Echeneis,naucrates,Carnivore,no,yes,no,no,no,expanded
Echeneidae,REM.REMO,Remora,remora,Carnivore,no,yes,no,no,no,expanded
Ephippidae,PLAT.PIN,Platax,pinnatus,Omnivore,no,yes,no,no,no,expanded
Ephippidae,PLT.BATA,Platax,batavianus,Omnivore,no,yes,no,no,no,expanded
Ephippidae,PLT.ORBI,Platax,orbicularis,Omnivore,no,yes,no,no,no,expanded
Ephippidae,PLT.TEIR,Platax,teira,Omnivore,no,yes,no,no,no,expanded
Ephippidae,ZAB.NOVA,Zabidius  ,novemaculeatus,Omnivore,no,yes,no,no,no,expanded
Fistulariidae,FIST.COMM,Fistularia,commersonii,Carnivore,no,yes,no,no,no,expanded
Glaucosomatidae,GLA.MAGN,Glaucosoma,magnificum,Carnivore,no,yes,no,no,no,expanded
Glaucosomatidae,GLA.SCAP,Glaucosoma,scapulare,Carnivore,no,yes,no,no,no,expanded
Haemulidae,DIA.LABI,Diagramma,labiosum,Carnivore,no,yes,no,no,no,expanded
Haemulidae,DIA.PICT,Diagramma,pictum,Carnivore,no,yes,no,no,no,expanded
Haemulidae,PLE.CAER,Plectorhinchus,caeruleonothus,Carnivore,no,yes,no,no,no,expanded
Haemulidae,PLE.ALBO,Plectorhinchus,albovittatus,Carnivore,no,yes,no,no,no,expanded
Haemulidae,PLE.CHAE,Plectorhinchus,chaetodonoides,Carnivore,no,yes,no,no,no,expanded
Haemulidae,PLE.CHRY,Plectorhinchus,chrysotaenia,Carnivore,no,yes,no,no,no,expanded
Haemulidae,PLE.FLAV,Plectorhinchus,flavomaculatus,Carnivore,no,yes,no,no,no,expanded
Haemulidae,PLE.GIB,Plectorhinchus,gibbosus,Carnivore,no,yes,no,no,no,expanded
Haemulidae,PLE.GIBB,Plectorhinchus,gibbosus,Carnivore,no,yes,no,no,no,expanded
Haemulidae,PLE.GIBO,Plectorhinchus,gibbosus,Carnivore,no,yes,no,no,no,expanded
Haemulidae,PLE.GOLD,Plectorhinchus,goldmanni,Carnivore,no,yes,no,no,no,expanded
Haemulidae,PLE.LESS,Plectorhinchus,lessonii,Carnivore,no,yes,no,no,no,expanded
Haemulidae,PLE.LINE,Plectorhinchus,lineatus,Carnivore,no,yes,no,no,no,expanded
Haemulidae,PLE.MULTI,Plectorhinchus,multivittatum,Carnivore,no,yes,no,no,no,expanded
Haemulidae,PLE.OBSC,Plectorhinchus,obscurus,Carnivore,no,yes,no,no,no,expanded
Haemulidae,PLE.PIC,Plectorhinchus,picus,Carnivore,no,yes,no,no,no,expanded
Haemulidae,PLE.PICT,Plectorhinchus,pictus,Carnivore,no,yes,no,no,no,expanded
Haemulidae,PLE.UNIC,Plectorhinchus,unicolor,Carnivore,no,yes,no,no,no,expanded
Haemulidae,PLE.VITT,Plectorhinchus,vittatus,Carnivore,no,yes,no,no,no,expanded
Holocentridae,SAR.RUBR,Sargocentron,rubrum,Carnivore,no,yes,no,no,no,expanded
Kyphosidae,KYP.BIGI,Kyphosus,bigibbus,Browsers,no,yes,no,yes,no,expanded
Kyphosidae,KYP.CINE,Kyphosus,cinerascens,Browsers,no,yes,no,yes,no,expanded
Kyphosidae,KYP.VAIG,Kyphosus,vaigiensis,Browsers,no,yes,no,yes,no,expanded
Kyphosidae,MCT_STRI,Microcanthus,strigatus,Omnivore,no,yes,no,no,no,expanded
Labridae,ANA.CAER,Anampses,caeruleopunctatus,Carnivore,no,no,no,no,no,expanded
Labridae,ANA.FEMI,Anampses,femininus,Carnivore,no,no,no,no,no,expanded
Labridae,ANA.GEOG,Anampses,geographicus,Carnivore,no,no,no,no,no,expanded
Labridae,ANA.MEL,Anampses,melanurus,Carnivore,no,no,no,no,no,expanded
Labridae,ANA.MELE,Anampses,meleagrides,Carnivore,no,no,no,no,no,expanded
Labridae,ANA.NEOG,Anampses,neoguinaicus,Carnivore,no,no,no,no,no,expanded
Labridae,ANA.TWIS,Anampses,twistii,Carnivore,no,no,no,no,no,expanded
Labridae,BOD.AXIL,Bodianus,axillaris,Carnivore,no,yes,no,no,no,expanded
Labridae,BOD.DIAN,Bodianus,diana,Carnivore,no,yes,no,no,no,expanded
Labridae,BOD.DICT,Bodianus,dictynna,Carnivore,no,yes,no,no,no,expanded
Labridae,BOD.LOXO,Bodianus,loxozonus,Carnivore,no,yes,no,no,no,expanded
Labridae,BOD.MESO,Bodianus,mesothorax,Carnivore,no,yes,no,no,no,expanded
Labridae,BOD.SPP,Bodianus,spp,Carnivore,no,yes,no,no,no,expanded
Labridae,CHE.OXYC,Cheilinus,oxycephalus,Carnivore,no,yes,no,no,no,expanded
Labridae,CHE.CHLO,Cheilinus,chlorourus,Carnivore,yes,yes,no,no,no,expanded
Labridae,CHE.FASC,Cheilinus,fasciatus,Carnivore,yes,yes,no,no,yes,restricted
Labridae,CHE.OXYC,Cheilinus,oxycephalus,Carnivore,yes,no,no,no,no,expanded
Labridae,CHE.TRIL,Cheilinus,trilobatus,Carnivore,yes,yes,no,no,no,expanded
Labridae,CHE.UNDU,Cheilinus,undulatus,Carnivore,no,yes,no,no,yes,restricted
Labridae,CHO.ANC,Choerodon,anchorago,Carnivore,yes,yes,no,no,no,expanded
Labridae,CHO.ANCH,Choerodon,anchorago,Carnivore,yes,yes,no,no,no,expanded
Labridae,CHO.CEPH,Choerodon,cephalotes,Carnivore,yes,yes,no,no,no,expanded
Labridae,CHO.CYAN,Choerodon,cyanodus,Carnivore,yes,yes,no,no,no,expanded
Labridae,CHO.FASC,Choerodon,fasciatus,Carnivore,yes,yes,no,no,yes,restricted
Labridae,CHO.GRAP,Choerodon,graphicus,Carnivore,yes,yes,no,no,no,expanded
Labridae,CHO.MONO,Choerodon,monostigma,Carnivore,yes,yes,no,no,no,expanded
Labridae,CHO.SCHO,Choerodon,schoenleinii,Carnivore,yes,yes,no,no,no,expanded
Labridae,CHO.VITT,Choerodon,vitta,Carnivore,yes,yes,no,no,no,expanded
Labridae,CIR.CYAN,Cirrhilabrus,cyanopleura,Planktivores,no,no,no,no,no,expanded
Labridae,CIR.EXQU,Cirrhilabrus,exquisitus,Planktivores,no,no,no,no,no,expanded
Labridae,CIR.PUNC,Cirrhilabrus,punctatus,Planktivores,no,no,no,no,no,expanded
Labridae,CIR.SCOT,Cirrhilabrus,scottorum,Planktivores,no,no,no,no,no,expanded
Labridae,COR.AYGU,Coris,aygula,Carnivore,no,yes,no,no,no,expanded
Labridae,COR.BATU,Coris,batuensis,Carnivore,no,no,no,no,no,expanded
Labridae,COR.DORS,Coris,dorsomacula,Carnivore,no,no,no,no,no,expanded
Labridae,COR.GAIM,Coris,gaimard,Carnivore,no,yes,no,no,yes,restricted
Labridae,DIP.XANT,Diproctacanthus,xanthurus,Corallivore,no,yes,no,no,no,expanded
Labridae,EPB.INSI,Epibulus,insidiator,Carnivore,no,yes,no,no,yes,restricted
Labridae,GOM.VARI,Gomphosus,varius,Carnivore,no,yes,no,no,yes,restricted
Labridae,HAL.ARGU,Halichoeres,argus,Carnivore,no,no,no,no,no,expanded
Labridae,HAL.BIOC,Halichoeres,biocellatus,Carnivore,no,no,no,no,no,expanded
Labridae,HAL.CHLO,Halichoeres,chloropterus,Carnivore,no,no,no,no,no,expanded
Labridae,HAL.HORT,Halichoeres,hortulanus,Carnivore,no,yes,no,no,yes,restricted
Labridae,HAL.MARG,Halichoeres,marginatus,Carnivore,no,no,no,no,no,expanded
Labridae,HAL.MELA,Halichoeres,melanurus,Carnivore,no,no,no,no,no,expanded
Labridae,HAL.MEUS,Halichoeres,margaritaceus,Carnivore,no,no,no,no,no,expanded
Labridae,HAL.MINI,Halichoeres,miniatus,Carnivore,no,no,no,no,no,expanded
Labridae,HAL.NEBU,Halichoeres,nebulosus,Carnivore,no,no,no,no,no,expanded
Labridae,HAL.ORNA,Halichoeres,ornatissimus,Carnivore,no,no,no,no,no,expanded
Labridae,HAL.PROS,Halichoeres,prosopeion,Carnivore,no,no,no,no,no,expanded
Labridae,HAL.SPP,Halichoeres,spp,Carnivore,no,no,no,no,no,expanded
Labridae,HAL.TRIM,Halichoeres,trimaculatus,Carnivore,no,no,no,no,no,expanded
Labridae,HALI.NIG,Halichoeres,nigrescens,Carnivore,no,no,no,no,no,expanded
Labridae,HEM.FASC,Hemigymnus,fasciatus,Carnivore,yes,yes,no,no,yes,restricted
Labridae,HEM.MELT,Hemigymnus,melapterus,Carnivore,yes,yes,no,no,yes,restricted
Labridae,HOL.ANNU,Hologymnosus,annulatus,Carnivore,no,yes,no,no,no,expanded
Labridae,HOL.DOLI,Hologymnosus,doliatus,Carnivore,no,yes,no,no,no,expanded
Labridae,LYS.UNIL,Labrichthys,unilineatus,Corallivore,no,no,no,no,no,expanded
Labridae,LES.DIMI,Labroides,dimidiatus,Carnivore,no,no,no,no,no,expanded
Labridae,LES.BICO,Labroides,bicolor,Carnivore,no,no,no,no,no,expanded
Labridae,LES.DIMI,Labroides,dimidiatus,Carnivore,no,no,no,no,no,expanded
Labridae,LES.PECT,Labroides,pectoralis,Carnivore,no,no,no,no,no,expanded
Labridae,LAB.AUST,Labropsis,australis,Corallivore,no,no,no,no,no,expanded
Labridae,LAB.XANT,Labropsis,xanthonota,Corallivore,no,no,no,no,no,expanded
Labridae,LIS.AUST,Labropsis,australis,Corallivore,no,no,no,no,no,expanded
Labridae,LIS.XANT,Labropsis,xanthonota,Corallivore,no,no,no,no,no,expanded
Labridae,MAC.CHAO,Macropharyngodon,choati,Carnivore,no,no,no,no,no,expanded
Labridae,MAC.MELE,Macropharyngodon,meleagris,Carnivore,no,no,no,no,no,expanded
Labridae,MAC.NEGR,Macropharyngodon,negrosensis,Carnivore,no,no,no,no,no,expanded
Labridae,MAC.SP,Macropharyngodon,spp,Carnivore,no,no,no,no,no,expanded
Labridae,NOV.TAEN,Novaculichthys,taeniourus,Carnivore,no,yes,no,no,no,expanded
Labridae,OXC.BIMA,Oxycheilinus,bimaculatus,Carnivore,no,yes,no,no,no,expanded
Labridae,OXC.CELE,Oxycheilinus,celebicus,Carnivore,no,yes,no,no,no,expanded
Labridae,OXC.DIGR,Oxycheilinus,digrammus,Carnivore,no,yes,no,no,no,expanded
Labridae,OXC.DIGR,Oxycheilinus,digramma,Carnivore,no,yes,no,no,no,expanded
Labridae,OXC.ORIE,Oxycheilinus,orientalis,Carnivore,no,no,no,no,no,expanded
Labridae,OXC.UNIF,Oxycheilinus,unifasciatus,Carnivore,no,yes,no,no,no,expanded
Labridae,PCL.EVAN,Pseudocheilinus,evanidus,Carnivore,no,no,no,no,no,expanded
Labridae,PCL.HEXA,Pseudocheilinus,hexataenia,Carnivore,no,no,no,no,no,expanded
Labridae,PCL.OCTO,Pseudocheilinus,octotaenia,Carnivore,no,no,no,no,no,expanded
Labridae,PCO.YAMA,Pseudocoris,yamashiroi,Planktivores,no,no,no,no,no,expanded
Labridae,PSE.MOLU,Pseudodax,moluccanus,Carnivore,no,no,no,no,no,expanded
Labridae,PLA.GUEN,Pseudolabrus,guentheri,Carnivore,no,no,no,no,no,expanded
Labridae,PTG.CRYP,Pteragogus,cryptus,Carnivore,no,no,no,no,no,expanded
Labridae,STE.TRIL,Stethojulis,trilineata,Carnivore,no,no,no,no,no,expanded
Labridae,STH.BAND,Stethojulis,bandanensis,Carnivore,no,no,no,no,no,expanded
Labridae,STH.INTE,Stethojulis,interrupta,Carnivore,no,no,no,no,no,expanded
Labridae,STH.STRI,Stethojulis,strigiventer,Carnivore,no,no,no,no,no,expanded
Labridae,THA.AMBL,Thalassoma,amblycephalum,Planktivores,no,no,no,no,no,expanded
Labridae,THA.HARD,Thalassoma,hardwicke,Carnivore,no,no,no,no,no,expanded
Labridae,THA.LUNA,Thalassoma,lunare,Carnivore,no,no,no,no,no,expanded
Labridae,THA.LUTE,Thalassoma,lutescens,Carnivore,no,no,no,no,no,expanded
Labridae,THA.NIGR,Thalassoma,nigrofasciatum,Carnivore,no,no,no,no,no,expanded
Labridae,THA.PURP,Thalassoma,purpureum,Carnivore,no,no,no,no,no,expanded
Labridae,THA.QUIN,Thalassoma,quinquevittatum,Carnivore,no,no,no,no,no,expanded
Labridae,WET.NIGR,Wetmorella,nigropinnata,Carnivore,no,no,no,no,no,expanded
Lethrinidae,GNA.AURO,Gnathodentex,aureolineatus,Carnivore,yes,yes,no,no,no,expanded
Lethrinidae,GYM.AUDL,Gymnocranius,audleyi,Carnivore,yes,yes,no,no,no,expanded
Lethrinidae,GYM.EUAN,Gymnocranius,euanus,Carnivore,yes,yes,no,no,no,expanded
Lethrinidae,GYM.MICR,Gymnocranius,microdon,Carnivore,yes,yes,no,no,no,expanded
Lethrinidae,GYM.SUPE,Gymnocranius,superciliosus,Carnivore,yes,yes,no,no,no,expanded
Lethrinidae,GYM.SATO,Gymnocranius,satoi,Carnivore,yes,yes,no,no,no,expanded
Lethrinidae,LET.ATKI,Lethrinus,atkinsoni,Carnivore,yes,yes,no,no,yes,restricted
Lethrinidae,LET.ERUS,Lethrinus,erythropterus,Carnivore,yes,yes,no,no,yes,restricted
Lethrinidae,LET.ERYT,Lethrinus,erythracanthus,Carnivore,yes,yes,no,no,yes,restricted
Lethrinidae,LET.HARA,Lethrinus,harak,Carnivore,yes,yes,no,no,yes,restricted
Lethrinidae,LET.LATI,Lethrinus,laticaudis,Carnivore,yes,yes,no,no,yes,restricted
Lethrinidae,LET.LENT,Lethrinus,lentjan,Carnivore,yes,yes,no,no,yes,restricted
Lethrinidae,LET.MICR,Lethrinus,microdon,Carnivore,yes,yes,no,no,yes,restricted
Lethrinidae,LET.MINI,Lethrinus,miniatus,Carnivore,yes,yes,no,no,yes,restricted
Lethrinidae,LET.NEBU,Lethrinus,nebulosus,Carnivore,yes,yes,no,no,yes,restricted
Lethrinidae,LET.OBSO,Lethrinus,obsoletus,Carnivore,yes,yes,no,no,yes,restricted
Lethrinidae,LET.OLIV,Lethrinus,olivaceus,Carnivore,yes,yes,no,no,yes,restricted
Lethrinidae,LET.ORNA,Lethrinus,ornatus,Carnivore,yes,yes,no,no,yes,restricted
Lethrinidae,LET.RUBR,Lethrinus,rubrioperculatus,Carnivore,yes,yes,no,no,yes,restricted
Lethrinidae,LET.SEMI,Lethrinus,semicinctus,Carnivore,yes,yes,no,no,yes,restricted
Lethrinidae,LET.XANT,Lethrinus,xanthochilus,Carnivore,yes,yes,no,no,yes,restricted
Lethrinidae,MON.SPP,Monotaxis,spp,Carnivore,yes,yes,no,no,yes,restricted
Lethrinidae,MON.GRAN,Monotaxis,grandoculis,Carnivore,yes,yes,no,no,no,restricted
Lethrinidae,MON.HETE,Monotaxis,heterodon,Carnivore,yes,yes,no,no,no,restricted
Lutjanidae,APH.FURC,Aphareus,furca,Carnivore,yes,yes,no,no,no,expanded
Lutjanidae,APR.VIRE,Aprion,virescens,Carnivore,yes,yes,no,no,no,expanded
Lutjanidae,LUT.ADET,Lutjanus,adetii,Carnivore,yes,yes,no,no,yes,restricted
Lutjanidae,LUT.ARGE,Lutjanus,argentimaculatus,Carnivore,yes,yes,no,no,yes,restricted
Lutjanidae,LUT.BIGU,Lutjanus,biguttatus,Carnivore,yes,yes,no,no,yes,restricted
Lutjanidae,LUT.BOHA,Lutjanus,bohar,Carnivore,yes,yes,no,no,yes,restricted
Lutjanidae,LUT.CARP,Lutjanus,carponotatus,Carnivore,yes,yes,no,no,yes,restricted
Lutjanidae,LUT.DECU,Lutjanus,decussatus,Carnivore,yes,yes,no,no,yes,restricted
Lutjanidae,LUT.EHRE,Lutjanus,ehrenbergii,Carnivore,yes,yes,no,no,yes,restricted
Lutjanidae,LUT.ERYT,Lutjanus,erythropterus,Carnivore,yes,yes,no,no,yes,restricted
Lutjanidae,LUT.FLMA,Lutjanus,fulviflamma,Carnivore,yes,yes,no,no,yes,restricted
Lutjanidae,LUT.FULV,Lutjanus,fulvus,Carnivore,yes,yes,no,no,yes,restricted
Lutjanidae,LUT.GIBB,Lutjanus,gibbus,Carnivore,yes,yes,no,no,yes,restricted
Lutjanidae,LUT.KAS,Lutjanus,spp,Carnivore,yes,yes,no,no,yes,restricted
Lutjanidae,LUT.KASM,Lutjanus,kasmira,Carnivore,yes,yes,no,no,yes,restricted
Lutjanidae,LUT.LEMN,Lutjanus,lemniscatus,Carnivore,yes,yes,no,no,yes,restricted
Lutjanidae,LUT.LUTJ,Lutjanus,lutjanus,Carnivore,yes,yes,no,no,yes,restricted
Lutjanidae,LUT.MONO,Lutjanus,monostigma,Carnivore,yes,yes,no,no,yes,restricted
Lutjanidae,LUT.QUIN,Lutjanus,quinquelineatus,Carnivore,yes,yes,no,no,yes,restricted
Lutjanidae,LUT.RIVU,Lutjanus,rivulatus,Carnivore,yes,yes,no,no,yes,restricted
Lutjanidae,LUT.RUFO,Lutjanus,rufolineatus,Carnivore,yes,yes,no,no,yes,restricted
Lutjanidae,LUT.RUSS,Lutjanus,russellii,Carnivore,yes,yes,no,no,yes,restricted
Lutjanidae,LUT.SEBA,Lutjanus,sebae,Carnivore,yes,yes,no,no,yes,restricted
Lutjanidae,LUT.SEMI,Lutjanus,semicinctus,Carnivore,yes,yes,no,no,yes,restricted
Lutjanidae,LUT.VITT,Lutjanus,vitta,Carnivore,yes,yes,no,no,yes,restricted
Lutjanidae,MCR.GROP,Macolor,spp,Carnivore,yes,yes,no,no,yes,restricted
Lutjanidae,MCR.MACU,Macolor,macularis,Carnivore,yes,yes,no,no,no,restricted
Lutjanidae,MCR.NIGE,Macolor,niger,Carnivore,yes,yes,no,no,no,restricted
Lutjanidae,SYM.NEMA,Symphorus,nematophorus,Carnivore,yes,yes,no,no,yes,restricted
Malacanthidae,MAL.LATO,Malacanthus,latovittatus,Carnivore,no,yes,no,no,no,expanded
Microdesmidae,NEM.MAGN,Nemateleotris,magnifica,Planktivores,no,no,no,no,no,expanded
Microdesmidae,PTE.MICR,Ptereleotris,microlepis,Planktivores,no,no,no,no,no,expanded
Microdesmidae,PTE.EVID,Ptereleotris,evides,Planktivores,no,no,no,no,no,expanded
Microdesmidae,PTER.SPP,Ptereleotris,spp,Planktivores,no,no,no,no,no,expanded
Monacanthidae,ALU.SCHO,Aluterus,schoepfii,Herbivores,no,yes,no,no,no,expanded
Monacanthidae,ALU.SCRI,Aluterus,scriptus,Omnivore,no,yes,no,no,no,expanded
Monacanthidae,AMA.SCOP,Amanses,scopas,Corallivore,no,yes,no,no,no,expanded
Monacanthidae,CAN.DUME,Cantherhines,dumerili,Omnivore,no,yes,no,no,no,expanded
Monacanthidae,CAN.PARD,Cantherhines,pardalis,Carnivore,no,yes,no,no,no,expanded
Monacanthidae,CAN.FRON,Cantherhines,fronticinctus,Carnivore,no,yes,no,no,no,expanded
Monacanthidae,CSC.LONG,Cantheschenia,longipinnis,Omnivore,no,yes,no,no,no,expanded
Monacanthidae,CSC.GRAN,Cantheschenia,grandisquamis,Omnivore,no,yes,no,no,no,expanded
Monacanthidae,OXY.LONG,Oxymonacanthus,longirostris,Corallivore,no,no,no,no,no,expanded
Monacanthidae,PAL.PRIO,Paraluteres,prionurus,Omnivore,no,no,no,no,no,expanded
Monacanthidae,PER.ALT,Pervagor,alternans,Omnivore,no,no,no,no,no,expanded
Monacanthidae,PER.JANT,Pervagor,janthinosoma,Omnivore,no,no,no,no,no,expanded
Monacanthidae,PER.ALTE,Pervagor,alternans,Omnivore,no,no,no,no,no,expanded
Mullidae,MUL.FLAV,Mulloidichthys,flavolineatus,Carnivore,no,yes,no,no,no,expanded
Mullidae,MUL.VANI,Mulloidichthys,vanicolensis,Carnivore,no,yes,no,no,no,expanded
Mullidae,PAP.BARB,Parupeneus,barberinus,Carnivore,no,yes,no,no,no,expanded
Mullidae,PAP.BDES,Parupeneus,barberinoides,Carnivore,no,yes,no,no,no,expanded
Mullidae,PAP.BIN,Parupeneus,barberinus,Carnivore,no,yes,no,no,no,expanded
Mullidae,PAP.CIL,Parupeneus,ciliatus,Carnivore,no,yes,no,no,no,expanded
Mullidae,PAP.CILI,Parupeneus,ciliatus,Carnivore,no,yes,no,no,no,expanded
Mullidae,PAP.CRAS,Parupeneus,crassilabris,Carnivore,no,yes,no,no,no,expanded
Mullidae,PAP.CYCL,Parupeneus,cyclostomus,Carnivore,no,yes,no,no,no,expanded
Mullidae,PAP.IND,Parupeneus,indicus,Carnivore,no,yes,no,no,no,expanded
Mullidae,PAP.MUL,Parupeneus,multifasciatus,Carnivore,no,yes,no,no,no,expanded
Mullidae,PAP.PLEU,Parupeneus,pleurostigma,Carnivore,no,yes,no,no,no,expanded
Mullidae,PAP.SPIL,Parupeneus,spilurus,Carnivore,no,yes,no,no,no,expanded
Mullidae,UPE.TRAG,Upeneus,tragula,Carnivore,no,yes,no,no,no,expanded
Nemipteridae,PEN.AFAS,Pentapodus,aureofasciatus,Carnivore,no,yes,no,no,no,expanded
Nemipteridae,SCO.AFFI,Scolopsis,affinis,Carnivore,no,yes,no,no,no,expanded
Nemipteridae,SCO.BILI,Scolopsis,bilineata,Carnivore,no,yes,no,no,no,expanded
Nemipteridae,SCO.LINE,Scolopsis,lineatus,Carnivore,no,yes,no,no,no,expanded
Nemipteridae,SCO.MARG,Scolopsis,margaritifer,Carnivore,no,yes,no,no,no,expanded
Nemipteridae,SCO.MONO,Scolopsis,monogramma,Carnivore,no,yes,no,no,no,expanded
Ostraciidae,OST.CUBI,Ostracion,cubicus,Omnivore,no,yes,no,no,no,expanded
Ostraciidae,OST.MELA,Ostracion,meleagris,Omnivore,no,yes,no,no,no,expanded
Plesiopidae,ASS.FLAV,Assessor,flavissimus,Planktivores,no,no,no,no,no,expanded
Plesiopidae,ASS.MCNE,Assessor,macneilli,Planktivores,no,no,no,no,no,expanded
Plotosidae,PAR.BUT,Paraplotosus,butleri,Carnivore,no,yes,no,no,no,expanded
Pomacanthidae,APO.TRIM,Apolemichthys,trimaculatus,Carnivore,no,yes,no,no,no,expanded
Pomacanthidae,CEN.BICO,Centropyge,bicolor,Omnivore,no,yes,no,no,no,expanded
Pomacanthidae,CEN.BISP,Centropyge,bispinosus,Omnivore,no,yes,no,no,no,expanded
Pomacanthidae,CEN.EIBL,Centropyge,eibli,Omnivore,no,yes,no,no,no,expanded
Pomacanthidae,CEN.FLAV,Centropyge,flavissimus,Omnivore,no,yes,no,no,no,expanded
Pomacanthidae,CEN.SP,Centropyge,spp,Omnivore,no,yes,no,no,no,expanded
Pomacanthidae,CEN.TIBI,Centropyge,tibicen,Omnivore,no,yes,no,no,no,expanded
Pomacanthidae,CEN.VROL,Centropyge,vrolikii,Omnivore,no,yes,no,no,no,expanded
Pomacanthidae,CHP.CONS,Chaetodontoplus,conspicillatus,Carnivore,no,yes,no,no,no,expanded
Pomacanthidae,CHP.MERE,Chaetodontoplus,meredithi,Carnivore,no,yes,no,no,no,expanded
Pomacanthidae,CHP.MESO,Chaetodontoplus,mesoleucus,Omnivore,no,yes,no,no,no,expanded
Pomacanthidae,CPS.DUB,Chaetodontoplus,duboulayi,Omnivore,no,yes,no,no,no,expanded
Pomacanthidae,PAC.IMPE,Pomacanthus,imperator,Omnivore,no,yes,no,no,no,expanded
Pomacanthidae,PAC.MACU,Pomacanthus,maculosus,Omnivore,no,yes,no,no,no,expanded
Pomacanthidae,PAC.NAVA,Pomacanthus,navarchus,Omnivore,no,yes,no,no,no,expanded
Pomacanthidae,PAC.SEMI,Pomacanthus,semicirculatus,Omnivore,no,yes,no,no,no,expanded
Pomacanthidae,PAC.SEX,Pomacanthus,sexstriatus,Omnivore,no,yes,no,no,no,expanded
Pomacanthidae,PAC.XANT,Pomacanthus,xanthometopon,Omnivore,no,yes,no,no,no,expanded
Pomacanthidae,PYG.DIA,Pygoplites,diacanthus,Omnivore,no,yes,no,no,no,expanded
Pomacanthidae,PYG_DIAC,Pygoplites,diacanthus,Omnivore,no,yes,no,no,no,expanded
Pomacentridae,ABU.BENG,Abudefduf,bengalensis,Omnivore,no,no,no,no,no,expanded
Pomacentridae,ABU.SEPT,Abudefduf,septemfasciatus,Omnivore,no,no,no,no,no,expanded
Pomacentridae,ABU.SEXF,Abudefduf,sexfasciatus,Omnivore,no,no,no,no,no,expanded
Pomacentridae,ABU.VAIG,Abudefduf,vaigiensis,Omnivore,no,no,no,no,no,expanded
Pomacentridae,ABU.WHIT,Abudefduf,whitleyi,Omnivore,no,no,no,no,no,expanded
Pomacentridae,ACN.POLY,Acanthochromis,polyacanthus,Omnivore,no,no,no,no,yes,restricted
Pomacentridae,AMB.AURE,Amblyglyphidodon,aureus,Omnivore,no,no,no,no,yes,restricted
Pomacentridae,AMB.CURA,Amblyglyphidodon,curacao,Omnivore,no,no,no,no,yes,restricted
Pomacentridae,AMB.LEUC,Amblyglyphidodon,leucogaster,Omnivore,no,no,no,no,yes,restricted
Pomacentridae,AMB.TERN,Amblyglyphidodon,ternatensis,Omnivore,no,no,no,no,yes,restricted
Pomacentridae,AMP.AKIN,Amphiprion,akindynos,Omnivore,no,no,no,no,yes,restricted
Pomacentridae,AMP.CHRY,Amphiprion,chrysopterus,Omnivore,no,no,no,no,yes,restricted
Pomacentridae,AMP.CLAR,Amphiprion,clarkii,Omnivore,no,no,no,no,yes,restricted
Pomacentridae,AMP.MELA,Amphiprion,melanopus,Omnivore,no,no,no,no,yes,restricted
Pomacentridae,AMP.OCEL,Amphiprion,ocellaris,Omnivore,no,no,no,no,yes,restricted
Pomacentridae,AMP.PERC,Amphiprion,percula,Omnivore,no,no,no,no,yes,restricted
Pomacentridae,AMP.PERI,Amphiprion,perideraion,Omnivore,no,no,no,no,yes,restricted
Pomacentridae,AMP.SAND,Amphiprion,sandaracinos,Omnivore,no,no,no,no,yes,restricted
Pomacentridae,CHL.LABI,Cheiloprion,labiatus,Omnivore,no,no,no,no,yes,restricted
Pomacentridae,CHR.ACAR,Chromis,acares,Planktivores,no,no,no,no,yes,restricted
Pomacentridae,CHR.AGIL,Chromis,agilis,Planktivores,no,no,no,no,yes,restricted
Pomacentridae,CHR.ALIS,Chromis,atripectoralis,Planktivores,no,no,no,no,yes,restricted
Pomacentridae,CHR.AMBO,Chromis,amboinensis,Omnivore,no,no,no,no,yes,restricted
Pomacentridae,CHR.APES,Chromis,atripes,Omnivore,no,no,no,no,yes,restricted
Pomacentridae,CHR.CHRY,Chromis,chrysura,Planktivores,no,no,no,no,yes,restricted
Pomacentridae,CHR.FLAV,Chromis,flavomaculata,Planktivores,no,no,no,no,yes,restricted
Pomacentridae,CHR.IOME,Chromis,iomelas,Planktivores,no,no,no,no,yes,restricted
Pomacentridae,CHR.LEPI,Chromis,lepidolepis,Planktivores,no,no,no,no,yes,restricted
Pomacentridae,CHR.LINE,Chromis,lineata,Planktivores,no,no,no,no,yes,restricted
Pomacentridae,CHR.MARG,Chromis,margaritifer,Planktivores,no,no,no,no,yes,restricted
Pomacentridae,CHR.NITI,Chromis,nitida,Omnivore,no,no,no,no,yes,restricted
Pomacentridae,CHR.RETR,Chromis,retrofasciata,Omnivore,no,no,no,no,yes,restricted
Pomacentridae,CHR.TERN,Chromis,ternatensis,Planktivores,no,no,no,no,yes,restricted
Pomacentridae,CHR.VAND,Chromis,vanderbilti,Planktivores,no,no,no,no,yes,restricted
Pomacentridae,CHR.VIRI,Chromis,viridis,Omnivore,no,no,no,no,yes,restricted
Pomacentridae,CHR.WEBE,Chromis,weberi,Planktivores,no,no,no,no,yes,restricted
Pomacentridae,CHR.XANC,Chromis,xanthochira,Omnivore,no,no,no,no,yes,restricted
Pomacentridae,CHR.XANT,Chromis,xanthura,Planktivores,no,no,no,no,yes,restricted
Pomacentridae,CHY.BIOC,Chrysiptera,biocellata,Croppers,no,no,no,yes,yes,restricted
Pomacentridae,CHY.CYAN,Chrysiptera,cyanea,Planktivores,no,no,no,no,yes,restricted
Pomacentridae,CHY.FLAV,Chrysiptera,flavipinnis,Planktivores,no,no,no,no,yes,restricted
Pomacentridae,CHY.HEMI,Chrysiptera,hemicyanea,Omnivore,no,no,no,no,yes,restricted
Pomacentridae,CHY.LEUC,Chrysiptera,leucopoma,Omnivore,no,no,no,no,yes,restricted
Pomacentridae,CHY.CAES,Chrysiptera,caesifrons,Croppers,no,no,no,no,yes,restricted
Pomacentridae,CHY.REX,Chrysiptera,rex,Croppers,no,no,no,yes,yes,restricted
Pomacentridae,CHY.ROLL,Chrysiptera,rollandi,Omnivore,no,no,no,no,yes,restricted
Pomacentridae,CHY.TALB,Chrysiptera,talboti,Omnivore,no,no,no,no,yes,restricted
Pomacentridae,DAS.ARUA,Dascyllus,aruanus,Omnivore,no,no,no,no,yes,restricted
Pomacentridae,DAS.CARN,Dascyllus,carneus,Omnivore,no,no,no,no,yes,restricted
Pomacentridae,DAS.MELA,Dascyllus,melanurus,Omnivore,no,no,no,no,yes,restricted
Pomacentridae,DAS.RETI,Dascyllus,reticulatus,Omnivore,no,no,no,no,yes,restricted
Pomacentridae,DAS.TRIM,Dascyllus,trimaculatus,Omnivore,no,no,no,no,yes,restricted
Pomacentridae,DIS.MELA,Dischistodus,melanotus,Farmers,no,no,no,yes,yes,restricted
Pomacentridae,DIS.PERS,Dischistodus,perspicillatus,Farmers,no,no,no,yes,yes,restricted
Pomacentridae,DIS.PROS,Dischistodus,prosopotaenia,Farmers,no,no,no,yes,yes,restricted
Pomacentridae,DIS.PSEU,Dischistodus,pseudochrysopoecilus,Farmers,no,no,no,yes,yes,restricted
Pomacentridae,HGY.PLAG,Hemiglyphidodon,plagiometopon,Farmers,no,no,no,yes,yes,restricted
Pomacentridae,NEG.MELA,Neoglyphidodon,melas,Omnivore,no,no,no,no,yes,restricted
Pomacentridae,NEG.NIGR,Neoglyphidodon,nigroris,Omnivore,no,no,no,no,yes,restricted
Pomacentridae,NEG.POLY,Neoglyphidodon,polyacanthus,Omnivore,no,no,no,no,yes,restricted
Pomacentridae,NEO.OXYO,Neoglyphidodon,oxyodon,Omnivore,no,no,no,no,yes,restricted
Pomacentridae,NEO.AZYS,Neopomacentrus,azysron,Planktivores,no,no,no,no,yes,restricted
Pomacentridae,NEO.BANK,Neopomacentrus,bankieri,Planktivores,no,no,no,no,yes,restricted
Pomacentridae,NEO.CYAN,Neopomacentrus,cyanomos,Planktivores,no,no,no,no,yes,restricted
Pomacentridae,NEO.SPP,Neopomacentrus,spp,Planktivores,no,no,no,no,yes,restricted
Pomacentridae,NEO.VIOL,Neopomacentrus,violascens,Planktivores,no,no,no,no,yes,restricted
Pomacentridae,PGY.DICK,Plectroglyphidodon,dickii,Omnivore,no,no,no,no,yes,restricted
Pomacentridae,PGY.JOHN,Plectroglyphidodon,johnstonianus,Omnivore,no,no,no,no,yes,restricted
Pomacentridae,PGY.LACR,Plectroglyphidodon,lacrymatus,Farmers,no,no,no,yes,yes,restricted
Pomacentridae,POM.ADEL,Pomacentrus,adelus,Farmers,no,no,no,yes,yes,restricted
Pomacentridae,POM.ALEX,Pomacentrus,alexanderae,Omnivore,no,no,no,no,yes,restricted
Pomacentridae,POM.AMBO,Pomacentrus,amboinensis,Omnivore,no,no,no,no,yes,restricted
Pomacentridae,POM.AUST,Pomacentrus,australis,Omnivore,no,no,no,no,yes,restricted
Pomacentridae,POM.BANK,Pomacentrus,bankanensis,Farmers,no,no,no,yes,yes,restricted
Pomacentridae,POM.BRAC,Pomacentrus,brachialis,Omnivore,no,no,no,no,yes,restricted
Pomacentridae,POM.CHRY,Pomacentrus,chrysurus,Farmers,no,no,no,yes,yes,restricted
Pomacentridae,POM.COEL,Pomacentrus,coelestis,Omnivore,no,no,no,no,yes,restricted
Pomacentridae,POM.GRAM,Pomacentrus,grammorhynchus,Farmers,no,no,no,yes,yes,restricted
Pomacentridae,POM.IMIT,Pomacentrus,imitator,Omnivore,no,no,no,no,yes,restricted
Pomacentridae,POM.LEPI,Pomacentrus,lepidogenys,Planktivores,no,no,no,no,yes,restricted
Pomacentridae,POM.MILL,Pomacentrus,milleri,Omnivore,no,no,no,no,yes,restricted
Pomacentridae,POM.MOLU,Pomacentrus,moluccensis,Omnivore,no,no,no,no,yes,restricted
Pomacentridae,POM.NAGA,Pomacentrus,nagasakiensis,Omnivore,no,no,no,no,yes,restricted
Pomacentridae,POM.NIGR,Pomacentrus,nigromarginatus,Omnivore,no,no,no,no,yes,restricted
Pomacentridae,POM.PAVO,Pomacentrus,pavo,Omnivore,no,no,no,no,yes,restricted
Pomacentridae,POM.PHIL,Pomacentrus,philippinus,Omnivore,no,no,no,no,yes,restricted
Pomacentridae,POM.REID,Pomacentrus,reidi,Omnivore,no,no,no,no,yes,restricted
Pomacentridae,POM.SIMS,Pomacentrus,simsiang,Omnivore,no,no,no,no,yes,restricted
Pomacentridae,POM.TRIP,Pomacentrus,tripunctatus,Farmers,no,no,no,yes,yes,restricted
Pomacentridae,POM.VAIU,Pomacentrus,vaiuli,Omnivore,no,no,no,yes,yes,restricted
Pomacentridae,POM.WARD,Pomacentrus,wardi,Farmers,no,no,no,yes,yes,restricted
Pomacentridae,PCH.RICH,Pomachromis,richardsoni,Omnivore,no,no,no,no,yes,restricted
Pomacentridae,PRE.BIAC,Premnas,biaculeatus,Omnivore,no,no,no,no,yes,restricted
Pomacentridae,STE.APIC,Stegastes,apicalis,Farmers,no,no,no,yes,yes,restricted
Pomacentridae,STE.FASC,Stegastes,fasciolatus,Farmers,no,no,no,yes,yes,restricted
Pomacentridae,STE.GASC,Stegastes,gascoynei,Farmers,no,no,no,yes,yes,restricted
Pomacentridae,STE.LIVI,Stegastes,lividus,Farmers,no,no,no,yes,yes,restricted
Pomacentridae,STE.NIGR,Stegastes,nigricans,Farmers,no,no,no,yes,yes,restricted
Pseudochromidae,CYP.PURP,Cypho,purpurascens,Carnivore,no,no,no,no,no,expanded
Pseudochromidae,LAB.CYCL,Labracinus,cyclophthalmus,Carnivore,no,no,no,no,no,expanded
Pseudochromidae,OGI.NOV,Ogilbyina,novaehollandiae,Carnivore,no,no,no,no,no,expanded
Pseudochromidae,OGI.QUE,Ogilbyina,queenslandiae,Carnivore,no,no,no,no,no,expanded
Pseudochromidae,PSC.VELI,Pseudochromis,veliferus,Carnivore,no,no,no,no,no,expanded
Pseudochromidae,OGI.NOVA,Pseudochromis,novaehollandiae,Carnivore,no,no,no,no,no,expanded
Pseudochromidae,OGI.QUEE,Pseudochromis,queenslandiae,Carnivore,no,no,no,no,no,expanded
Pseudochromidae,PSC.ALDA,Pseudochromis,aldabraensis,Carnivore,no,no,no,no,no,expanded
Pseudochromidae,PSC.FUSC,Pseudochromis,fuscus,Carnivore,no,no,no,no,no,expanded
Pseudochromidae,PSC.PACC,Pseudochromis,paccagnellae,Carnivore,no,no,no,no,no,expanded
Pseudochromidae,PIC.CORA,Pictichromis,coralensis,Carnivore,no,no,no,no,no,expanded
Rachycentridae,RAC.CANA,Rachycentron,canadum,Carnivore,no,yes,no,no,no,expanded
Scarinae,BOL.MURI,Bolbometopon,muricatum,Excavators,no,yes,no,yes,yes,restricted
Scarinae,CAL.CARO,Calotomus,carolinus,Browsers,no,yes,no,yes,yes,restricted
Scarinae,CET.OCEL,Cetoscarus,ocellatus,Excavators,no,yes,no,yes,yes,restricted
Scarinae,CHS.BLEE,Chlorurus,bleekeri,Excavators,no,yes,no,yes,yes,restricted
Scarinae,CHS.FRON,Chlorurus,frontalis,Excavators,no,yes,no,yes,yes,restricted
Scarinae,CHS.JAPA,Chlorurus,japanensis,Excavators,no,yes,no,yes,yes,restricted
Scarinae,CHS.MICR,Chlorurus,microrhinos,Excavators,no,yes,no,yes,yes,restricted
Scarinae,CHS.SORD,Chlorurus,sordidus,Excavators,no,yes,no,yes,yes,restricted
Scarinae,CHS.SPIL,Chlorurus,spilurus,Excavators,no,yes,no,yes,yes,restricted
Scarinae,CHS.SPIR,Chlorurus,spirulus,Excavators,no,yes,no,yes,yes,restricted
Scarinae,HIP.LONG,Hipposcarus,longiceps,Scrapers,no,yes,no,yes,yes,restricted
Scarinae,SCA.ALTI,Scarus,altipinnis,Scrapers,no,yes,no,yes,yes,restricted
Scarinae,SCA.CHAM,Scarus,chameleon,Scrapers,no,yes,no,yes,yes,restricted
Scarinae,SCA.DIMI,Scarus,dimidiatus,Scrapers,no,yes,no,yes,yes,restricted
Scarinae,SCA.FLAV,Scarus,flavipectoralis,Scrapers,no,yes,no,yes,yes,restricted
Scarinae,SCA.FORS,Scarus,forsteni,Scrapers,no,yes,no,yes,yes,restricted
Scarinae,SCA.FREN,Scarus,frenatus,Scrapers,no,yes,no,yes,yes,restricted
Scarinae,SCA.GHOB,Scarus,ghobban,Scrapers,no,yes,no,yes,yes,restricted
Scarinae,SCA.GLOB,Scarus,globiceps,Scrapers,no,yes,no,yes,yes,restricted
Scarinae,SCA.LONG,Scarus,longipinnis,Scrapers,no,yes,no,yes,yes,restricted
Scarinae,SCA.NIGR,Scarus,niger,Scrapers,no,yes,no,yes,yes,restricted
Scarinae,SCA.OVIC,Scarus,oviceps,Scrapers,no,yes,no,yes,yes,restricted
Scarinae,SCA.PRAS,Scarus,prasiognathos,Scrapers,no,yes,no,yes,yes,restricted
Scarinae,SCA.PSIT,Scarus,psittacus,Scrapers,no,yes,no,yes,yes,restricted
Scarinae,SCA.RIVU,Scarus,rivulatus,Scrapers,no,yes,no,yes,yes,restricted
Scarinae,SCA.RUBR,Scarus,rubroviolaceus,Scrapers,no,yes,no,yes,yes,restricted
Scarinae,SCA.SCHL,Scarus,schlegeli,Scrapers,no,yes,no,yes,yes,restricted
Scarinae,SCA.SP,Scarus,spp,Scrapers,no,yes,no,yes,yes,restricted
Scarinae,SCA.SPIN,Scarus,spinus,Scrapers,no,yes,no,yes,yes,restricted
Scarinae,SCA.TRIC,Scarus,tricolor,Scrapers,no,yes,no,yes,yes,restricted
Scombridae,EUT.AFFI,Euthynnus,affinis,Carnivore,no,yes,no,no,no,expanded
Scombridae,GRA.BIC,Grammatorcynus,bicarinatus,Carnivore,yes,yes,no,no,no,expanded
Scombridae,GRS.BICA,Grammatorycnus,bicarinatus,Carnivore,yes,yes,no,no,no,expanded
Scombridae,GRS.BILI,Grammatorycnus,bilineatus,Carnivore,yes,yes,no,no,no,expanded
Scombridae,RAS.KANA,Rastrelliger,kanagurta,Planktivores,yes,yes,no,no,no,expanded
Scombridae,SCM.COMM,Scomberomorus,commerson,Carnivore,yes,yes,no,no,no,expanded
Scorpaenidae,PTE.ANTE,Pterois,antennata,Carnivore,no,yes,no,no,no,expanded
Scorpaenidae,PTE.VOLI,Pterois,volitans,Carnivore,no,yes,no,no,no,expanded
Serranidae,AET.ROGA,Aethaloperca,rogaa,Carnivore,yes,yes,no,no,no,expanded
Serranidae,ANY.LEUC,Anyperodon,leucogrammicus,Carnivore,yes,yes,no,no,no,expanded
Serranidae,BEL.CHAB,Belonoperca,chabanaudi,Carnivore,no,yes,no,no,no,expanded
Serranidae,CEP.ARGU,Cephalopholis,argus,Carnivore,yes,yes,no,no,yes,restricted
Serranidae,CEP.BOEN,Cephalopholis,boenak,Carnivore,yes,yes,no,no,yes,restricted
Serranidae,CEP.CYAN,Cephalopholis,cyanostigma,Carnivore,yes,yes,no,no,yes,restricted
Serranidae,CEP.LEOP,Cephalopholis,leopardus,Carnivore,yes,yes,no,no,yes,restricted
Serranidae,CEP.MICR,Cephalopholis,microprion,Carnivore,yes,yes,no,no,yes,restricted
Serranidae,CEP.MINI,Cephalopholis,miniata,Carnivore,yes,yes,no,no,yes,restricted
Serranidae,CEP.SEXM,Cephalopholis,sexmaculata,Carnivore,yes,yes,no,no,yes,restricted
Serranidae,CEP.UROD,Cephalopholis,urodeta,Carnivore,yes,yes,no,no,yes,restricted
Serranidae,CEP.SPP,Cephalopholis,spp,Carnivore,yes,yes,no,no,yes,restricted
Serranidae,CRO.ALTI,Cromileptes,altivelis,Carnivore,yes,yes,no,no,yes,restricted
Serranidae,DIP.BIFA,Diploprion,bifasciatum,Carnivore,yes,yes,no,no,yes,restricted
Serranidae,EPI.CAER,Epinephelus,coeruleopunctatus,Carnivore,yes,yes,no,no,yes,restricted
Serranidae,EPI.COIO,Epinephelus,coioides,Carnivore,yes,yes,no,no,yes,restricted
Serranidae,EPI.CORA,Epinephelus,corallicola,Carnivore,yes,yes,no,no,yes,restricted
Serranidae,EPI.CYAN,Epinephelus,cyanopodus,Carnivore,yes,yes,no,no,yes,restricted
Serranidae,EPI.FASC,Epinephelus,fasciatus,Carnivore,yes,yes,no,no,yes,restricted
Serranidae,EPI.FUSC,Epinephelus,fuscoguttatus,Carnivore,yes,yes,no,no,yes,restricted
Serranidae,EPI.FUSG,Epinephelus,fuscoguttatus,Carnivore,yes,yes,no,no,yes,restricted
Serranidae,EPI.HEX,Epinephelus,hexagonatus,Carnivore,yes,yes,no,no,yes,restricted
Serranidae,EPI.HEXA,Epinephelus,hexagonatus,Carnivore,yes,yes,no,no,yes,restricted
Serranidae,EPI.HOWL,Epinephelus,howlandi,Carnivore,yes,yes,no,no,yes,restricted
Serranidae,EPI.LANC,Epinephelus,lanceolatus,Carnivore,yes,yes,no,no,yes,restricted
Serranidae,EPI.MACR,Epinephelus,macrospilos,Carnivore,yes,yes,no,no,yes,restricted
Serranidae,EPI.MACU,Epinephelus,maculatus,Carnivore,yes,yes,no,no,yes,restricted
Serranidae,EPI.MALA,Epinephelus,malabaricus,Carnivore,yes,yes,no,no,yes,restricted
Serranidae,EPI.MERR,Epinephelus,merra,Carnivore,yes,yes,no,no,yes,restricted
Serranidae,EPI.ONGU,Epinephelus,ongus,Carnivore,yes,yes,no,no,yes,restricted
Serranidae,EPI.POLY,Epinephelus,polyphekadion,Carnivore,yes,yes,no,no,yes,restricted
Serranidae,EPI.QUOY,Epinephelus,quoyanus,Carnivore,yes,yes,no,no,yes,restricted
Serranidae,EPI.SEX,Epinephelus,sexfasciatus,Carnivore,yes,yes,no,no,yes,restricted
Serranidae,EPI.SEXF,Epinephelus,sexfasciatus,Carnivore,yes,yes,no,no,yes,restricted
Serranidae,EPI.SPIL,Epinephelus,spilotoceps,Carnivore,yes,yes,no,no,yes,restricted
Serranidae,EPI.TAUV,Epinephelus,tauvina,Carnivore,yes,yes,no,no,yes,restricted
Serranidae,EPI.TUCU,Epinephelus,tukula,Carnivore,yes,yes,no,no,yes,restricted
Serranidae,EPI.UNDU,Epinephelus,undulatostriatus,Carnivore,yes,yes,no,no,yes,restricted
Serranidae,GRA.ALBI,Gracila,albomarginata,Carnivore,yes,yes,no,no,yes,restricted
Serranidae,PMS.AREO,Plectropomus,areolatus,Carnivore,yes,yes,yes,no,yes,restricted
Serranidae,PMS.LAEV,Plectropomus,laevis,Carnivore,yes,yes,yes,no,yes,restricted
Serranidae,PMS.LEOP,Plectropomus,leopardus,Carnivore,yes,yes,yes,no,yes,restricted
Serranidae,PMS.MACU,Plectropomus,maculatus,Carnivore,yes,yes,yes,no,yes,restricted
Serranidae,PMS.OLIG,Plectropomus,oligacanthus,Carnivore,yes,yes,yes,no,yes,restricted
Serranidae,PDA.LORI,Pseudanthias,lori,Planktivores,no,no,no,no,no,expanded
Serranidae,PDA.SQUA,Pseudanthias,squamipinnis,Planktivores,no,no,no,no,no,expanded
Serranidae,PDA.TUKA,Pseudanthias,tuka,Planktivores,no,no,no,no,no,expanded
Serranidae,PSU.DIS,Pseudanthias,dispar,Planktivores,no,no,no,no,no,expanded
Serranidae,PSU.HUCH,Pseudanthias,huchtii,Planktivores,no,no,no,no,no,expanded
Serranidae,PSU.PASC,Pseudanthias,pascalus,Planktivores,no,no,no,no,no,expanded
Serranidae,PSU.TUKA,Pseudanthias,tuka,Planktivores,no,no,no,no,no,expanded
Serranidae,VAR.ALBI,Variola,albimarginata,Carnivore,yes,yes,yes,no,yes,restricted
Serranidae,VAR.LOUT,Variola,louti,Carnivore,yes,yes,yes,no,yes,restricted
Siganidae,SIG.ARGE,Siganus,argenteus,Browsers,no,yes,no,yes,yes,restricted
Siganidae,SIG.CANA,Siganus,canaliculatus,Omnivore,no,yes,no,yes,yes,restricted
Siganidae,SIG.CORA,Siganus,corallinus,Browsers,no,yes,no,yes,yes,restricted
Siganidae,SIG.DOLI,Siganus,doliatus,Browsers,no,yes,no,yes,yes,restricted
Siganidae,SIG.FUSC,Siganus,fuscescens,Browsers,no,yes,no,yes,yes,restricted
Siganidae,SIG.JAVU,Siganus,javus,Browsers,no,yes,no,yes,yes,restricted
Siganidae,SIG.LINE,Siganus,lineatus,Browsers,no,yes,no,yes,yes,restricted
Siganidae,SIG.PMUS,Siganus,punctatissimus,Browsers,no,yes,no,yes,yes,restricted
Siganidae,SIG.PTUS,Siganus,punctatus,Browsers,no,yes,no,yes,yes,restricted
Siganidae,SIG.PUEL,Siganus,puellus,Omnivore,no,yes,no,yes,yes,restricted
Siganidae,SIG.SPIN,Siganus,spinus,Browsers,no,yes,no,yes,yes,restricted
Siganidae,SIG.VULP,Siganus,vulpinus,Browsers,no,yes,no,yes,yes,restricted
Sphyraenidae,SPY.BARR,Sphyraena,barracuda,Carnivore,no,yes,no,no,no,expanded
Sphyraenidae,SPY.FLAV,Sphyraena,flavicauda,Carnivore,no,yes,no,no,no,expanded
Sphyraenidae,SPY.JELL,Sphyraena,jello,Carnivore,no,yes,no,no,no,expanded
Tetraodontidae,ARO.HISP,Arothron,hispidus,Omnivore,no,yes,no,no,no,expanded
Tetraodontidae,ARO.MAPP,Arothron,mappa,Omnivore,no,yes,no,no,no,expanded
Tetraodontidae,ARO.MELE,Arothron,meleagris,Omnivore,no,yes,no,no,no,expanded
Tetraodontidae,ARO.NIGR,Arothron,nigropunctatus,Omnivore,no,yes,no,no,no,expanded
Tetraodontidae,ARO.STEL,Arothron,stellatus,Carnivore,no,yes,no,no,no,expanded
Tetraodontidae,CAT.PAPU,Canthigaster,papua,Omnivore,no,no,no,no,no,expanded
Tetraodontidae,CAT.SOLA,Canthigaster,solandri,Omnivore,no,no,no,no,no,expanded
Tetraodontidae,CAT.VALE,Canthigaster,valentini,Omnivore,no,no,no,no,no,expanded
Zanclidae,ZAN.CORN,Zanclus,cornutus,Omnivore,no,yes,no,no,yes,restricted
